{
    "graph_name": "myciel3",
    "status": "OPTIMAL",
    "coloring": {
        "1": 0,
        "2": 1,
        "3": 0,
        "4": 1,
        "5": 2,
        "8": 0,
        "9": 1,
        "11": 2,
        "10": 3,
        "6": 0,
        "7": 1
    },
    "num_colors": 4,
    "duration": 6.389617919921875e-05,
    "num_nodes": 11,
    "edge_density": 0.36363636363636365,
    "solved": true,
    "edges": [
        [
            1,
            2
        ],
        [
            1,
            4
        ],
        [
            1,
            7
        ],
        [
            1,
            9
        ],
        [
            2,
            1
        ],
        [
            2,
            3
        ],
        [
            2,
            6
        ],
        [
            2,
            8
        ],
        [
            3,
            2
        ],
        [
            3,
            5
        ],
        [
            3,
            7
        ],
        [
            3,
            10
        ],
        [
            4,
            1
        ],
        [
            4,
            5
        ],
        [
            4,
            6
        ],
        [
            4,
            10
        ],
        [
            5,
            3
        ],
        [
            5,
            4
        ],
        [
            5,
            8
        ],
        [
            5,
            9
        ],
        [
            6,
            2
        ],
        [
            6,
            4
        ],
        [
            6,
            11
        ],
        [
            7,
            1
        ],
        [
            7,
            3
        ],
        [
            7,
            11
        ],
        [
            8,
            2
        ],
        [
            8,
            5
        ],
        [
            8,
            11
        ],
        [
            9,
            1
        ],
        [
            9,
            5
        ],
        [
            9,
            11
        ],
        [
            10,
            3
        ],
        [
            10,
            4
        ],
        [
            10,
            11
        ],
        [
            11,
            6
        ],
        [
            11,
            7
        ],
        [
            11,
            8
        ],
        [
            11,
            9
        ],
        [
            11,
            10
        ]
    ]
}